{"lances":[1],"classes":["15-19","20-24","25-29","30-34","35-39","40-44","45-49","50-54","55-59","60-64","65-69","70-74","75-79","80-84","85-89","90-94","95-99","100-104","105-109","110-114","115-119","120-124","125"],"dataByLance":{"1":[0,0,0,0,2,8,7,3,3,1,1,1,1,0,0,0,0,0,0,0,0,0,0]},"dataMsur":{"1":[0,0,0,0,0,0,0,0,0,0,0,0,0,0,0,0,0,0,0,0,0,0,0]},"dataCapt":{"1":[0,93.392425463336,6.60757453666398]},"lanceInfo":{"1":{"Fecha":"2025-08-07","Lat":"43°031'S","Lon":"75°013'W","Msur":0,"Mcola":11.59,"Otros":0.82}},"coordsLance":{"1":[-43.51,-75.2083333333333]}}
